{
    "sizes": 4,
    "Heap Sort": {
        "0": [
            [
                1000,
                "Crecente",
                0.008884508
            ],
            [
                1000,
                "Decrecente",
                0.007393305
            ],
            [
                1000,
                "Desordenado",
                0.008929812
            ]
        ],
        "1": [
            [
                10000,
                "Crecente",
                0.122150592
            ],
            [
                10000,
                "Decrecente",
                0.104389368
            ],
            [
                10000,
                "Desordenado",
                0.109090446
            ]
        ],
        "2": [
            [
                50000,
                "Crecente",
                0.688338086
            ],
            [
                50000,
                "Decrecente",
                0.630205803
            ],
            [
                50000,
                "Desordenado",
                0.65800865
            ]
        ],
        "3": [
            [
                100000,
                "Crecente",
                1.406880641
            ],
            [
                100000,
                "Decrecente",
                1.326190209
            ],
            [
                100000,
                "Desordenado",
                1.389044078
            ]
        ]
    },
    "Insertion Sort": {
        "0": [
            [
                1000,
                "Crecente",
                0.00024542
            ],
            [
                1000,
                "Decrecente",
                0.293534852
            ],
            [
                1000,
                "Desordenado",
                0.145281905
            ]
        ],
        "1": [
            [
                10000,
                "Crecente",
                0.002244604
            ],
            [
                10000,
                "Decrecente",
                30.002101763
            ],
            [
                10000,
                "Desordenado",
                15.073643193
            ]
        ],
        "2": [
            [
                50000,
                "Crecente",
                0.011213829
            ],
            [
                50000,
                "Decrecente",
                753.189307462
            ],
            [
                50000,
                "Desordenado",
                377.707740951
            ]
        ],
        "3": [
            [
                100000,
                "Crecente",
                0.022624851
            ],
            [
                100000,
                "Decrecente",
                3039.502763018
            ],
            [
                100000,
                "Desordenado",
                1534.322840418
            ]
        ]
    },
    "Merge Sort": {
        "0": [
            [
                1000,
                "Crecente",
                0.007390194
            ],
            [
                1000,
                "Decrecente",
                0.004909961
            ],
            [
                1000,
                "Desordenado",
                0.004633204
            ]
        ],
        "1": [
            [
                10000,
                "Crecente",
                0.052548206
            ],
            [
                10000,
                "Decrecente",
                0.054648536
            ],
            [
                10000,
                "Desordenado",
                0.060666019
            ]
        ],
        "2": [
            [
                50000,
                "Crecente",
                0.299726838
            ],
            [
                50000,
                "Decrecente",
                0.312592889
            ],
            [
                50000,
                "Desordenado",
                0.341993872
            ]
        ],
        "3": [
            [
                100000,
                "Crecente",
                0.632857925
            ],
            [
                100000,
                "Decrecente",
                0.657950667
            ],
            [
                100000,
                "Desordenado",
                0.720522316
            ]
        ]
    },
    "Selection Sort": {
        "0": [
            [
                1000,
                "Crecente",
                0.095907238
            ],
            [
                1000,
                "Decrecente",
                0.096813939
            ],
            [
                1000,
                "Desordenado",
                0.096020333
            ]
        ],
        "1": [
            [
                10000,
                "Crecente",
                9.862796977
            ],
            [
                10000,
                "Decrecente",
                9.769435181
            ],
            [
                10000,
                "Desordenado",
                9.530086711
            ]
        ],
        "2": [
            [
                50000,
                "Crecente",
                234.305474075
            ],
            [
                50000,
                "Decrecente",
                242.746903292
            ],
            [
                50000,
                "Desordenado",
                240.578168981
            ]
        ],
        "3": [
            [
                100000,
                "Crecente",
                954.514178796
            ],
            [
                100000,
                "Decrecente",
                966.17692163
            ],
            [
                100000,
                "Desordenado",
                910.947349079
            ]
        ]
    },
    "Bubble Sort": {
        "0": [
            [
                1000,
                "Crecente",
                0.000743838
            ],
            [
                1000,
                "Decrecente",
                0.39445495
            ],
            [
                1000,
                "Desordenado",
                0.268386027
            ]
        ],
        "1": [
            [
                10000,
                "Crecente",
                0.002469469
            ],
            [
                10000,
                "Decrecente",
                39.865412955
            ],
            [
                10000,
                "Desordenado",
                28.904818425
            ]
        ],
        "2": [
            [
                50000,
                "Crecente",
                0.011663282
            ],
            [
                50000,
                "Decrecente",
                988.360411087
            ],
            [
                50000,
                "Desordenado",
                725.559942294
            ]
        ],
        "3": [
            [
                100000,
                "Crecente",
                0.025124999
            ],
            [
                100000,
                "Decrecente",
                3958.452002305
            ],
            [
                100000,
                "Desordenado",
                2976.680940627
            ]
        ]
    },
    "Iterative Quick Sort": {
        "0": [
            [
                1000,
                "Crecente",
                0.272023298
            ],
            [
                1000,
                "Decrecente",
                0.177425042
            ],
            [
                1000,
                "Desordenado",
                0.004347884
            ]
        ],